zoho_item_id,name,sku,description,price,stock_quantity
6642928000000163624,UV Flashlight & Normal Flashlight In One,,"Light,Pet urine,stains & bed bugs detector",30000,2
6642928000000163660,Greenleaf Powder Fly Killing Bait,,"Attract flies and kills, suitable for indoor",500,72
6642928000000163691,Flyforce,,fly killing insecticide Baiut formulation,500,23
6642928000000163722,Dfortune Rat killer,,kills all rat at a single eat,500,14
6642928000000163753,Anion 40SC,,Systemic Insecticide Against Capsid Bugs,25000,2
6642928000000163784,Bedbug Killer Powder,,long lasstuing and odourless,7000,6
6642928000000163815,Imi Force,,Active ingredent: IMIDACLOPRID 200G/L,4500,3
6642928000000163826,Royamila,,Active ingredent: IMIDACLOPRID 200G/L,3000,1
6642928000000163857,Premise 200SC,,Bayer Insecticide,40000,0
6642928000000163888,Kukbo ULTRA,,Eliminating Nasty Roaches and Ants,18000,4
6642928000000163919,Maxforce,,insecticide gel bait for german cockroaches,55000,2
6642928000000163950,ZAPPERCIDE,,Tracking powder,110000,1
6642928000000163981,Trapcoll,,No poisonous glue for killing rat,9000,9
6642928000000164012,Effect,,Fly insecticicide,800,71
6642928000000164043,Pestox,,The powder insect killer,1000,15
6642928000000164074,Mosquito Bits,,Quick kills Mosquitoes before they kill,50000,1
6642928000000164105,Gardia,,Mosquito Repellant Cream,500,2
6642928000000164136,Rodelon Blocks,,For rat control and mice,5000,0
6642928000000164167,Contrac,,Rodenticide Ready to use place pacs,5000,5
6642928000000164198,Fly Trap Catchmaster (Big),,Disposable,25000,0
6642928000000164229,Bioclean Septic,,Advance Biotechnology for septic maintenance,15000,-2
6642928000000164260,Quickbayt Spray,,Insecticide for fly,25000,6
6642928000000164291,Mosquito Dunks,,Floating Sustained Released Larvicide,6000,19
6642928000000164322,Fly Catcher (small),,Disposable,15000,0
6642928000000164353,No Fear,,Snake Repellant,1500,0
6642928000000164384,Bedbug Killer Spray,,kills prevent protect,10000,7
6642928000000164415,Greenleaf Powder Cockroach and Ant,,Cockroach killer,500,48
6642928000000164448,Bait Gun,,bait gun,40000,8
6642928000000164479,Fumisect,,Mist Spray  Insecticide,3800,8
6642928000000164510,Green Ant Bait Station,,Green Ant Bait Station,10000,1
6642928000000164541,Fly Bait Station,,Fly Bait Station,7000,0
6642928000000164572,AL-CYPERNET 10SC,,For control of of crawling and flying insect,35000,2
6642928000000164603,No Fly Zone,,for rapid knock down,10000,1
6642928000000164634,Fostoxin,,Fumigation Tablet,7000,0
6642928000000164665,Weedol Root Killer,,kills weed to the root,15000,0
6642928000000164696,Cockroach Killing Bait Powder (Canye),,Powerful and effective Home Defense,300,31
6642928000000164727,Roundup Turbo,,Herbicide,8000,3
6642928000000164758,Slug & Snail Killer Doof,,shower proof upto 10days,35000,5
6642928000000164789,Slug & Snail Killer Petshield,,shower proof upto 10days,25000,3
6642928000000164820,Butane Battery,,for use in portable gas appliance,7000,1
6642928000000164851,Kriskolins Powder,,kills cockroach and ants,200,31
6642928000000164882,Snake Repel BlosFields,,Snake Repel Blos field,17000,0
6642928000000164913,snake -a-way Hose -END Sprayer,,snake repelling spray,75000,1
6642928000000164944,Mortein,,multi insect killer,6000,0
6642928000000164975,BNC,,Mosquito Spray,3500,7
6642928000000165006,snake -a-way,,snake repelling granules,110000,1
6642928000000165037,Viva Refuse Sacks (BIG),,Refuse Sacks (heavy duty),1500,-2
6642928000000165068,Refuse Sack (Viva Standard size),,Refuse Sacks,800,33
6642928000000165099,Refuse sack (ROYAL MASTER KING),,home and offive use,1200,12
6642928000000165130,Windolene,,Glass and shiny Surface,5000,0
6642928000000165161,Glass Cleaner Hamfex,,Hamfex,2700,0
6642928000000165192,Leather & vinyl Cleaner,,all leather and vinyl surface,7500,6
6642928000000165223,Hand Sanitizer,,28 mile DISTILLING CO,2300,1
6642928000000165254,Chamois Cleaner,,soaks up moisture fast,8000,2
6642928000000165285,Wind Block Air freshener,,Wind Block air freshner,600,8
6642928000000165316,Ikeda Liquid (small),,liquid air freshner,10000,0
6642928000000165347,Ikeda Liquid (big),,liquid air freshner,15000,0
6642928000000165378,Initial,,Peach Nectar,25000,5
6642928000000165409,Ikeda Scent,,Ceramic airf refreshment,7000,5
6642928000000165440,Astonish Stain Remover,,clears tough stains,6500,0
6642928000000165471,anti bacterial surface cleaner Astonish,,Kills 99.9% of bacteria,6500,2
6642928000000165502,Astonish Oxy Active Fabric Stain Remover,,clears tough stains,6500,1
6642928000000165533,Tile Grout cleaner,,Whitens white grout,7000,3
6642928000000165564,Tile & Joint Cleaner,,no acid added,2500,4
6642928000000165595,Bingosil Fresh,,cleaning agent,2800,1
6642928000000165626,Clean All Abro Masters,,all purpose automotive foam c leaner,3500,1
6642928000000165657,Multipurpose Foamy Cleaner,,foamy cleaner,3500,1
6642928000000165688,The pink stuff  The miracle laundry,,oxi stain remover,12000,1
6642928000000165719,The pink stuff the cleaning paste,,oxi stain remover,8000,3
6642928000000165750,the pink stuff Miracle Multipurpose Cleaner,,oxi stain remover,12000,1
6642928000000165781,2sure multipourpose liquid wash,,3.6L liquid wash,5000,1
6642928000000165812,Deep Action cream cleaner,,combat greese & germs,3000,3
6642928000000165843,Syntethic Chamois,,Super absorbent,8000,2
6642928000000165874,Disposable Bedroom Slippers,,Disposable Bedroom Slippers,2000,12
6642928000000165905,Morning Fresh,,Dishwashing Liquid 1000Ml,3000,0
6642928000000165936,2sure Original (1000ml),,Dishwasing Liquid 1000ml,2800,0
6642928000000165967,Bravo Max power,,Dishwashing liquid 500ml,1300,2
6642928000000165998,2sure Original Dishwashing Liquid 250ml,,Dishwashing Liquid 250ml,750,0
6642928000000166029,Hypo Toilet Cleaner (750Ml),,750ml,5000,0
6642928000000166060,Hypo Toilet Cleaner (450 Ml),,450ml,3500,0
6642928000000166091,CIF Cleaningboost cream,,500ml,4500,11
6642928000000166122,Harpic Power Plus 10X 45ml,,Clean and Protect,3000,0
6642928000000166153,Jik Regular,,950ml,4500,3
6642928000000166184,Hypo whitener Disinfentant,,1l,4000,10
6642928000000166215,Household handgloves,,,1000,4
6642928000000166246,handgloves Heavyduty,,Sungloves,1300,7
6642928000000166277,Red Hand Gloves,,Red safety,1600,10
6642928000000166308,Big Pack Windolene,,Glass & Shiny Surfaces,5000,3
6642928000000166339,Windolene Diamond Shine,,Glass and shiny Surface,5000,0
6642928000000166370,Disposable facemask,,Imate 3play,50,40
6642928000000166401,ITE german brush,,wooden handbrush,2000,5
6642928000000166432,"Paint brush (big) 4""",,red,800,7
6642928000000166463,"Paint brush (Medium) 3""",,red,700,9
6642928000000166494,"Paint brush (Small) 2""",,red,500,3
6642928000000166525,Caution Mop Bucket,,yellow caution bucket 20litres (Industrial Cleaning Bucket),55000,0
6642928000000166556,Scrubbing pad (White),,Buffing pad,20000,0
6642928000000166587,Scrubbing pad (Black),,,20000,6
6642928000000166618,Scrubbing brush,,,40000,1
6642928000000166649,Toilet Bag,,wears when going to toilet,2500,1
6642928000000166680,Albrite Carpet and Upholstery Cleaner (4ltr),,Carpet and upholstery cleaner,8500,2
6642928000000166711,Albrite Cleaner (1lt),,Carpet and upholstery cleaner,2700,4
6642928000000166742,Izal (Disinfectant 1L),,Disinfectant 1L,4700,0
6642928000000166773,Izal (Disinfectant 150ml),,Disinfectant 150ml,1000,0
6642928000000166804,Olivia Tile/floor Cleaner,,floor cleaner,2600,0
6642928000000166835,Dovion Power plus,,Toilet/Tiles Floor Cleaner,9000,2
6642928000000166866,Kingfisher Home,,Interior Dehumidifier,15000,3
6642928000000166877,Scraper (local),,yellow scraper big,2000,0
6642928000000166908,Odor Remover bag,,Absorbs odor like sponge,33000,4
6642928000000166939,bamboo Charcoal,,Odour Control,7000,0
6642928000000166970,Pet Odour Eliminator,,Clear the air,21000,3
6642928000000167001,2sure handwash,,kills 99% of germs,2200,0
6642928000000167032,Sanitol Handwash,,Anti Bacterial,2000,0
6642928000000167063,Evans Spotlight,,spot and stain remover,6500,0
6642928000000167094,latex Examination Gloves,,,100,21
6642928000000167125,Expandable Garden Hose 60m,,multi setting spray gun 60m,105000,1
6642928000000167156,Window glass squeegee wiper,,"Cleaning glass surfaces, prevents soap scum buildup on glass",10000,2
6642928000000167187,Ash Industrial Cobweb broom,,Ash Color,21000,2
6642928000000167218,Cordless Trimmer,,Zip Trim,18000,1
6642928000000167229,Mr Sheen,,multi surface polish,3000,9
6642928000000167260,scouring powder,,Shine All / We care,2000,2
6642928000000167291,Shock,,Anti Sumbat Drain Opener,7000,3
6642928000000167322,Wind Air Freshener Gel,,150g,1200,3
6642928000000167353,Arola Magic Cool,,Odour absorber for fridge,3000,1
6642928000000167384,Swiss Flower,,Air freshener,2800,0
6642928000000167415,Febreze,,Air Mist,7500,3
6642928000000167446,AIR WICK FRESHMATIC MAX,,AUTOMATIC SPRAY,4000,3
6642928000000167477,Inspire Airfreshner,,Cherry,2000,1
6642928000000167508,Scouring Pad Liao,,All Purpose,800,22
6642928000000167539,Mobi Bright Heavy Duty Scrubbing Pad,,Multipurpose Cleaner,500,185
6642928000000167570,Star Cool,,Sponge Scouring Pad,800,42
6642928000000167601,Hard iron Sponge,,Amanda,500,20
6642928000000167632,Hard iron Sponge Parvenu,,Parvenu,300,98
6642928000000167663,iron sponge amanda scourer (Soft),,,500,30
6642928000000167694,Window cleaner LiAO 35CM,,,6000,1
6642928000000167725,Spray Window Cleaner,,"3 in 1 design Sray, Wipe and Clean",6000,1
6642928000000167756,Safety Googles Steel PRO,,Rubber,8000,2
6642928000000167787,Safety Googles Transparent,,,2200,2
6642928000000167818,Safety Googles Black Edges,,,500,5
6642928000000167849,Trapper Flat (Gorrilla Trap),,Rat and Mice,12000,2
6642928000000167880,Trapper Rubber (T-TREX),,Rat and Mice,15000,3
6642928000000167911,Heavy Duty Carpet Extraction Cleaner,,For high soiling in high traffic areas,52000,1
6642928000000167942,Perfumed Floor Maintainer Jangro,,Professional,120000,0
6642928000000167973,Heavy Duty Cleaner Concentrated,,Jangro professional,115000,1
6642928000000168004,Bar Keepers Friend,,"soft cleanser. Remove rust,lime and stains",26000,1
6642928000000168035,Bar Keepers Friend (340g),,cleanser 340g,17000,1
6642928000000168066,Bar Keepers Friend Multi Surface Cleaner,,Multi Surface Cleaner,20000,2
6642928000000168097,Multi surface Stain Remover,,"Fabrics, Plastics, Hard Surface",4000,6
6642928000000168128,Bin Fresh Buddy,,keeps Bin clean and fresh,10000,1
6642928000000168159,Vanish Oxi Action,,Chlorine Free Fabric Stain  Remover,12000,2
6642928000000168190,Kink Resistant Flat Hose Set 15m,,"Compact Watering Solution, Multi Setrting Spray gun 15m",55000,2
6642928000000168221,Water Spray Gun,,Lithium Battery,100000,2
6642928000000168252,Heavy Duty Cleaner Nilfisk Proflex,,,75000,0
6642928000000168283,Mop Cleaner,,Top Class Dual Wireless,160000,1
6642928000000168314,High Grade Extraction Carpet Powder,,Jangro Professional,125000,1
6642928000000168345,schafer Window Vaccum Cleaner,,with spray bottle,65000,0
6642928000000168376,k3,,,35000,1
6642928000000168407,Fog Mchine,,,90000,1
6642928000000168438,Safety Boot Yellow,,,18000,1
6642928000000168469,Safety Boot Black,,,11000,2
6642928000000168500,Power Wash Soap Cannister,,for fumigation,35000,3
6642928000000168531,Spray Bottle Blue,,For Fumigation,3000,1
6642928000000168562,Spray Bottle Lemon (big),,For Fumigation,8000,2
6642928000000168593,Glass Cleaning Machine Titan,,,170000,1
6642928000000168624,Karcher Spray Bottle with Micro Fibre,,,30000,1
6642928000000168655,Please Keep Clean Sign,,,1500,7
6642928000000168686,Pad Holder,,For Hand Scrubbing Machine,11000,1
6642928000000168717,Farrex Flower Trimmer,,Ferrex product,45000,1
6642928000000168748,Set  of Hand Held Scrubbing Brush,,Yellow and Black,13000,5
6642928000000168779,Kleaner,,Cleaner Expert,6000,1
6642928000000168810,Polishing Bonnet Big,,,7000,2
6642928000000168841,Polishing Bonnet small,,,4000,4
6642928000000168872,Super Buff,,velcro woolen fleece,9000,2
6642928000000168903,Plastic Base Pad (Big),,up tools,9000,2
6642928000000168934,Plastic Base Pad (medium),,up tools,6000,4
6642928000000168965,Plastic Base Pad (small),,up tools,3000,4
6642928000000168996,Vacuum Accessories,,Linear,7000,3
6642928000000169027,Kingfisher Garden Starter Set,,With multifunctional spray Gun,25000,1
6642928000000169058,Soft hand brush,,Mankalong,3000,2
6642928000000169089,Scraper (foreign),,Ash & Red Color,11000,2
6642928000000169120,Litter Picker with black  gun handle,,Black gun handle and black/yellow picker,10500,1
6642928000000169151,Industrial Garden Scissors,,Red and Ash Color,18000,0
6642928000000169182,Pad Holder Otto,,,5500,4
6642928000000169213,Hand brush double face,,hand brush for toilet double face,3500,0
6642928000000169244,Tissue Box,,Sylflora,2500,17
6642928000000169275,Tissue Paper,,softwave whte tissue paper,250,-46
6642928000000169306,Round White Toilet Brush,,,6500,2
6642928000000169337,Elegance Toilet Brush,,Trash can,14000,1
6642928000000169368,Clean Simple fine TOILET Brush,,,7000,1
6642928000000169399,Round Toilet Brush,,,5000,0
6642928000000169430,Dz Morl Toilet Brush,,,13000,2
6642928000000169461,TPR Toilet Brush,,,9000,2
6642928000000169492,Toilet Brush Blossom,,Blossom Toilet brush cylindrical,6000,1
6642928000000169523,Toilet Plunger,,,2000,1
6642928000000169554,Red Metal Plunger,,,3000,2
6642928000000169585,Drain Buster Plunger,,Neat and Tidy my house,3000,2
6642928000000169616,Black Funnel,,,3000,2
6642928000000169647,Bathroom mat,,,10000,0
6642928000000169678,Footmat,,,7000,-2
6642928000000169709,Hoe,,,2500,2
6642928000000169740,Rake,,,4500,3
6642928000000169771,Kleansol Detergent,,General Purpose Detergent 25L,55000,1
6642928000000169802,Double Cover Trash Bin 15L,,,25000,4
6642928000000169833,Double Cover Trash Bin 10L,,,15000,1
6642928000000169864,Pedal Bin,,,25000,2
6642928000000169895,Baiyun Cleaning Bin,,,20000,0
6642928000000169926,Papillon Step Bin,,,21000,2
6642928000000169957,Residual Waste Bin,,,58000,0
6642928000000169988,Lemon Bin,,,35000,0
6642928000000170019,Gray Waste Bin,,,50000,1
6642928000000170050,Lose Trouble Waste bin,,,10000,0
6642928000000170081,Barrel Environmental Waste Bin (12ltr),,12L,7000,2
6642928000000170112,Barrel Environmental Waste Bin (6Ltr),,6L,4000,1
6642928000000170143,Waste Bin Dual Lid Opening,,6.5L,12000,0
6642928000000170174,Stainless Silver Waste Bin,,,40000,1
6642928000000170205,Basket Waste Bin (Big),,,8000,1
6642928000000170236,Basket Waste Bin (Medium),,,6000,-3
6642928000000170267,Basket waste bin  (Small),,,5000,6
6642928000000170298,Rubber Bin,,,5000,9
6642928000000170329,Silicone Scrubbing Gloves,,,5000,1
6642928000000170360,Hand Held Carper Sweeper,,With Dust Pan Attached to it,6500,1
6642928000000170391,Strayer Scraper,,300mm,2500,1
6642928000000170422,Spray Gun INGCO 450W,,,42000,0
6642928000000170453,Caution Mop Bucket (big),,36l yellow mop bucket,92000,1
6642928000000170484,Extension Pole Holder,,,12500,3
6642928000000170515,Easy Squeeze Mop,,,25000,2
6642928000000170546,Easy Squeeze Mop (Small),,,23000,1
6642928000000170577,Taste Life Mop Bucket,,,18000,0
6642928000000170608,Khazom Mop Bucket,,,13000,0
6642928000000170639,Blossom Mop Bucket,,,13000,0
6642928000000170670,Mop Bucket (yellow),,,23000,0
6642928000000170701,konga 360 Round Spin Mop Bucket,,,33000,0
6642928000000170732,Nova Mosquito Killer Lamp,,,15000,0
6642928000000170763,Automatic ToothpastebSqueezing Device,,,3500,1
6642928000000170794,Maestro spin Mop Bucket,,,25000,0
6642928000000170825,Cleaning Kits Carrier,,,15000,2
6642928000000170856,Parker and sweeper (Blossom),2,Blossom packer and sweeper sky blue,9000,4
6642928000000170887,Black Sweeper and Parker,,,21000,2
6642928000000170949,Domestic Cobweb Broom,,,4500,1
6642928000000170980,Feather Duster Extendable,,"Ash Color,Stainless Handle,Easy to Use",10000,2
6642928000000171011,Yjieshi Cotton Swab Mop,,"Super absorbent, Fine Fibre, Decontamination",8000,4
6642928000000171042,Blossom Cotton Yarn Mop,,High Quality and Strong Absorbent,9000,1
6642928000000171073,6MAX COTTON SMALL,,Cleaning More Effieciently,9000,0
6642928000000171104,S N B Mop,,"Metal Handle, Strong Cotton mop",15000,0
6642928000000171135,Floor Scrub Brush,,2 IN 1,5000,2
6642928000000171166,Supreme Floor Wiper,,Green and Black Floor Wiper,3000,1
6642928000000171197,Spray Mop,,Spray And Mop at thesame Time,25000,1
6642928000000171228,St. Chuks Floor Hard Brush,,,7000,1
6642928000000171259,Sweeper full  wooden hand,,Sweeper full  wooden hand,5000,2
6642928000000171290,Millet Broom,,miilet broom with wooden handle,15000,2
6642928000000171321,Simple Mop with Metal Handle,,,13000,1
6642928000000171352,Blue Sky Sweeper,,Stainless Steel Head,9000,4
6642928000000171383,ST. CHUKS Mop and Clean the Dust,,stainless steel handle,15000,0
6642928000000171414,Dust Mop 90CM,,,16000,-2
6642928000000171445,Microfibre Dust Mop 60cm,,,18000,2
6642928000000171476,Dust Mop 60CM,,Cotton,12000,1
6642928000000171507,Dust Mop 40cm,,Cotton,12000,2
6642928000000171538,Dust Mop 50cm,,Cotton,13000,0
6642928000000171569,Bristar Soft Sweeper,,,4500,2
6642928000000171600,DZ Squeeze Mop (Medium),,,15000,0
6642928000000171631,Squeeze Mop (small),,,15000,2
6642928000000171662,Net Fly Trap,,,5000,2
6642928000000171693,Replacea ble Dust Mop (Golden Magnetus) (90cm),,Microfibre 90cm,13000,1
6642928000000171724,Replaceable Dust Mop (Golden Magnetus) (50cm),,Microbre 50CM,8000,0
6642928000000171755,Hard Floor Brush,,,3000,1
6642928000000171786,Industrial Floor Wiper,,,20000,0
6642928000000171817,Industrial Floor Brush,,,25000,1
6642928000000171848,Industrial Floor Sweeper,,,20000,2
6642928000000171879,industrial Gutter Brush (Big),,,23000,1
6642928000000171910,Industrial Gutter Brush (small),,,8000,1
6642928000000171941,Cotton Window Wiper,,,5000,3
6642928000000171972,Parker Plastic handle,,,6500,1
6642928000000172003,Sweeper and Parker with chinnish writting,,,4500,1
6642928000000172034,Golden King Sweeper,,Soft Domestic Sweeper,4000,3
6642928000000172065,Caution Wet Floor,,,20000,2
6642928000000172096,RAF Vacuum Cleaner,,,90000,0
6642928000000172127,Wheelers Bin 120 litters Happy Family with peder),,,65000,1
6642928000000172158,Wheelers Bin Big (240 litters happy Family),,,90000,-1
6642928000000172189,Telescopic Pole,,,85000,1
6642928000000172220,Scrubbing pad (Red),,Buffing pad,20000,1
6642928000000203087,Spin Mop,,,10000,3
6642928000000203143,Sunshine Homes Mop,,,6000,1
6642928000000203199,JXING Cotton Swab Mop,,"High liquid absorption i.e removes stubborn dirt, footprint & kitchen grease",7500,3
6642928000000206079,Bailer Wooden handle,,,3000,3
6642928000000203436,Extendable window wiper,,,10000,0
6642928000000203492,Brown Squeeze,,,21000,1
6642928000000203671,Chinese Broom,,,15000,2
6642928000000203773,Replaceable Flat Mop,,,10000,1
6642928000000203859,Fogging Machine,,,1200000,1
6642928000000203915,ULV ELECTRIC FOGGER,,,400000,1
6642928000000209077,Mop Bucket (pink),,,18000,1
6642928000000209236,Step Bin Black & Green cover,,,21000,2
6642928000000208031,Floor Scrape Mop Bucket (BIG),,,25000,1
6642928000000212016,Floor Scrape Mop Bucket  (SMALL),,,23000,1
6642928000000212131,Foam Cannon Sprayer Bottle,,Foam lance gun cannon for car pressure wash,35000,3
6642928000000213023,Rechargeable Cordless Pressure Washer,,,110000,1
6642928000000213079,Sanding Disc Backing Pad,,,11000,1
6642928000000213211,Innova Lemon Bottle Sprayer,,,8000,2
6642928000000213349,Rowenta Compact Power Cyclonic,,,60000,1
6642928000000214001,Comfortable Garden Wet & Dry Vacuum Cleaner,,,320000,1
6642928000000214118,Spray Gun INGCO 500W,,,50000,1
6642928000000214181,Triangular Twist Water Mop,,,23000,1
6642928000000214237,Ronix Cordless Blower,,,90000,0
6642928000000214385,ABRO Premium PVA Chamois Cloth,,,12000,6
6642928000000214487,Microfiber Towel (SMALL),,,1000,23
6642928000000214543,Hand Towel (MEDIUM) Cotton,,,1200,7
6642928000000214599,Cotton Towel Big,,,1500,1
6642928000000214655,Microfiber Towels Medium,,,3500,26
6642928000000214711,Long Face towel (Big),,cotton towel for general cleaning,1800,0
6642928000000214778,Member's Mark Microfiber Towels,,,3500,0
6642928000000206205,Short Towels,,,2000,18
6642928000000206246,Hose Reels,,,140000,0
6642928000000216001,Rug Towel,,,3500,9
6642928000000218077,Extraction Carpet Cleaner,,,45000,1
6642928000000225062,Short BB Safety Boot,,,16000,3
6642928000000225725,Earthcare Odor Removal Bags,,,33000,4
6642928000000225958,Astonish Mould & Mildew Blaster,,,6500,2
6642928000000216372,Air Wick Air Freshner,,,4500,7
6642928000000216912,Sniper flying insect killer,,,2500,0
6642928000000216968,Gluter,,,6000,0
6642928000000244001,Kness Pest Defense,,,40000,0
6642928000000244057,Rodenticide,,,35000,11
6642928000000244113,Rat Bait Station (SMALL BLACK),,,25000,1
6642928000000247066,"3M Half Facepiece, Medium",,,40000,4
6642928000000247122,"3M Full Facepiece, Medium",,,70000,2
6642928000000247178,Nostrils Nose Mask (Round),,,7000,0
6642928000000250042,"Delvap DDVP 1,OOO EC",,,13500,0
6642928000000250105,Dominator 440EC,,,15000,0
6642928000000250161,LIONSEAL DINETHOATE 40% EC,,,15000,0
6642928000000250217,Magic Force,,,16000,0
6642928000000250363,TAKE DOWN II SOFT BAIT,,,130000,2
6642928000000252077,TERMIDOR H.E,,,450000,1
6642928000000256001,SCRUBB Handwash,,handwash 500ML,2000,0
6642928000000258123,HEXACAL,,,5000,2
6642928000000258248,LARVIRON 120 ZC,,,6000,6
6642928000000256185,HYPO 500ML,,,2500,0
6642928000000268138,Industrial Stainless Parker,,,25000,0
6642928000000282089,PowerLife Vaccum Cleaner Machine,,,150000,0
6642928000000282188,Nilfisk Multi ii 22inox,,,220000,1
6642928000000297065,Nasco Action Dishwashing Liquid 500ML,,,1800,3
6642928000000306019,25CM HAND INDUSTRAIL BRUSH,,,8000,0
6642928000000306184,Square Toilet Brush,,,7000,1
6642928000000306240,Nasco Beauty Handwash,,,2000,0
6642928000000306303,NASCO Action Dishwashing Liquid 1000ML,,,2800,18
6642928000000306359,PowerTell Electric Blower,,,120000,0
6642928000000315001,Brytex Liquid Laundry Detergent,,,3000,12
6642928000000315057,Clean the Air,,,21000,3
6642928000000315144,REUSABLE OUTDOOR FLY TRAP,,,35000,12
6642928000000315216,Portable Cotton Mop Squeezee 38cm (Big),,Cotton Squeezee Sponge Mop for highly efficient liquid absorption and surface cleaning,30000,3
6642928000000315257,Light Clean 3 in 1 wet & dry Vacuum Machine,,,1700000,1
6642928000000315539,Nasco ACTION Glass Cleaner,,,2500,0
6642928000000331074,Big Industrial Wooden Brush,,,25000,0
6642928000000334001,Protective Clothing (Non - Medical),,,13000,4
6642928000000334129,Scraper Blades,,,1500,1
6642928000000334185,White Tissue Paper,,,500,0
6642928000000338025,Lemon Feather Duster,,,6000,3
6642928000000334241,Leaf Scoop Hand Rake,,,15000,2
6642928000000331182,Industrial Hard Iron Brush with Handle,,,30000,0
6642928000000340105,Steam Cleaner,,,80000,2
6642928000000340146,Grill Brush,,,10000,4
6642928000000340187,Mini Duster for AC,,,13000,0
6642928000000340228,smart trash can,,,35000,1
6642928000000340269,3 in 1 parker,,,30000,5
6642928000000340310,ULTRA HIGH VOLUME,,,17000,1
6642928000000341001,Janitorial Bags small,,,15000,4
6642928000000341042,EVEAGE 4000PSI MACHINE,,,800000,1
6642928000000347001,MAGIC SPONGE,,,1000,5
6642928000000420001,Screw to Bait Station,,,2000,0
6642928000000425086,Dining Set,,All padded dining sets ,8000,0
6642928000000425099,Rug carpet per square meter,,,200,0
6642928000000456001,DONTUS VITA QUALITY WET MOP,,,8000,0
6642928000000456012,TRANSPARENT UPHOLDSTERY FILTER,,,12000,2
6642928000000479001,38cm Industrial squeeze mop,,,30000,1
6642928000000479052,25 litters Dustbin,,,50000,2
6642928000000479093,Beauty Hand wash,,,2000,0
6642928000000479106,Odourless vanish,,,3000,1
6642928000000479450,METAL TOILET PLUNGER,,,3000,-1
6642928000000479511,SMALL HARD HAND BRUSH,,,3500,3
6642928000000494061,Swis Jardin Air freshener,,,3500,8
6642928000000494086,inspire Insignia air freshener,4,,4500,0
6642928000000504105,Harris Cockroach killing tablet(each tablet),,,1500,0
6642928000000504189,Power Kill Rat Killer,,,1000,10
6642928000000504230,Ikeda Jumbo,,,18000,4
6642928000000504395,Stainless Toilet plunger,,,3000,2
6642928000000504480,Plastic funnel plunger,,,3000,2
6642928000000504531,Gathered toilet plunger,,,3000,1
6642928000000511001,Home sweet home foot mat,,,16000,1
6642928000000535021,Face Mask,,,3500,5
6642928000000535062,Litter picker (gun handle blue),,Blue gun handle/Red picker,10500,1
6642928000000535073,Litter picker simple handle,,Simple handle and it has red picker,6500,2
6642928000000535114,Long packer,,,7000,6
6642928000000535155,Garden Hand packer,,,18000,1
6642928000000535196,Export Bag,,,7500,5
6642928000000543008,Cotton Mop With PVC Handle,,,6500,3
6642928000000543049,Novex Multipurpose cleaning liquid,,,6000,0
6642928000000543090,Sweeper  (Iron handle with foam},,,10000,3
6642928000000561001,Hand towel (white&ash),,,2500,11
6642928000000563001,vita mop stick,,,8000,2
6642928000000563042,heart white vinegar,,,1200,0
6642928000000563083,cobweb remover blue,,,7000,0
6642928000000563124,Detachable Long Packer,,Detachable long fancy packer,6500,3
6642928000000563284,small napsack,,,60000,2
6642928000000567001,Haris cockroach tablet (pack),,,30000,1
6642928000000567042,ZOECON GENRTOL IGR CONCENTRATE,,,25000,2
6642928000000568001,Chain Saw,,,350000,1
6642928000000568042,Ferrex flower cutter,,,50000,0
6642928000000568083,Crystal Humidifier,,,40000,1
6642928000000568124,Aroma Diffuser,,,45000,1
6642928000000570001,green tea tissue,,,8000,1
6642928000000570042,hand packer and brush,,,4500,4
6642928000000578032,fabuloso 1L,,,18000,4
6642928000000578073,Broom/mop holder big size,,,12500,0
6642928000000578114,Broom/mop holder small size,,,12000,0
6642928000000578239,Exol tile and Joint cleaner 1L,,,2500,2
6642928000000578280,Exol tile & joint cleaner 2L,,,4500,1
6642928000000578321,Exol tile & joint cleaner 4L,,,8500,1
6642928000000578362,Home clean 4000ml,,,10000,1
6642928000000578403,Allbrite carpet & upholstery cleaner 1L,,,2700,3
6642928000000578444,Allbrite carpet & upholstery cleaner 4L,,,8500,2
6642928000000578523,Odur vanish,,,3500,-3
6642928000000578571,INSPIRE Air freshener INSIGNIA,,,2500,2
6642928000000578612,Wind air freshener gel 50g,,,600,8
6642928000000578653,Hanging scented wardrobe dehumidifier,,,11000,4
6642928000000578995,Viva heavy duty garbage bag,,,1500,4
6642928000000605517,Cantata heavy duty refuse sack,,,1200,3
6642928000000621051,luxury floor capet,,,8000,3
6642928000000623131,Latex Examination Gloves,,,100,245
6642928000000626027,Fabuloso 6.2 l,,,50000,2
6642928000000633003,Jasmine tissue paper,,,1500,6
6642928000000645019,Welcome footmat patterned,,,20000,0
6642928000000645066,Welcome footmat,,,18000,1
6642928000000654019,The Pink stuff Oxi Powder,,The miracle oxi powder stain removal ,18000,1
6642928000000663225,Minhao hook,,,500,33
6642928000000663342,slug and snail killer 300g,,,25000,2
6642928000000663389,Slugs be gone,,,29500,2
6642928000000663436,slug and snail killer (Doff)  800g,,,35000,2
6642928000000663483,lion seal dimethoate 40%,,,15000,2
6642928000000663678,sniper bedbug killer small,,,5000,1
6642928000000663725,sniper bedbug killer big,,,8500,3
6642928000000663772,fumisect fumigate-insects,,,6000,5
6642928000000663819,Fuse insecticide and termiticide180,,,180000,1
6642928000000663866,chiense broom,,,15000,2
6642928000000663931,haosen toilet brush,,,13000,4
6642928000000681490,charisma garbage bags 3in1,,,3500,8
6642928000000701162,Face mask,,,100,438
6642928000000714167,Interior Dehumidifier,,,10000,3
6642928000000714214,Floral Jasmine Dehumidifier,,,18000,3
6642928000000727081,6MAX TOWEL BIG,,,10000,2
6642928000000732115,broom holder,,,12500,0
6642928000000732162,room footmat,,,8000,4
6642928000000732209,pee safe,,,7000,2
6642928000000732256,black pedal waste bin,,,35000,0
6642928000000732529,carisma garbage bags 3 in 1,,,3500,2
6642928000000732640,packer,,,4500,1
6642928000000738001,rat killer,,,500,13
6642928000000750051,sweeper,,,4500,0
6642928000000766001,OPTION B: BASIC- TRADITIONAL CHEMICAL CLEANING,,,250000,0
6642928000000766012,OPTION A: PREMIUM (Eco-Friendly) GREEN CLEANING SOLUTION,,"Service Description

Our Green Cleaning method uses non-toxic, biodegradable, plant-based chemicals, microfiber systems, and environmentally responsible products that ensure a safer, healthier, and chemical-free environment.

Key Benefits
	•	Safe for children, pets & sensitive occupants
	•	No harsh fumes or chemical residues
	•	Protects wood, marble, stainless steel, and premium surfaces
	•	Improves indoor air quality post-construction
	•	Supports ESG, LEED, and sustainable facility management goals
	•	Recommended for luxury homes, offices, hospitals, schools & hotels",0,0
6642928000000773375,Jik Regular 475ml,,,2000,0
6642928000000773518,Aluminium Phosphie,,Qiuckphos,2000,12
6642928000000812001,PREMIUM -  GREEN CLEANING (ECO FRIENDLY),,,0,0
6642928000000912195,Astonish bathroom cleaner,csv,,6500,4
6642928000000912248,Astonish multipurpose cleaner bleach,CSV,,6500,3
6642928000000912295,astonish floor cleaner,,1ltr,10500,4
6642928000000912342,Astonish white vinegar,,,6500,1
6642928000000912441,Folex,,instant carpet spot removal,90000,1
6642928000000912490,FOLEX (BIG),,instant carpet spot removal,200000,1
6642928000000912539,GOBRIGHT GOCLEAN,,TOILET/CERAMIC STAIN REMOVAL,4500,3
6642928000000912586,LIMPO CLEAN,,TILES CLEANER,3000,4
6642928000000912645,AIR BABY FRAGRANT BEADS,,,5000,6
6642928000000912808,CARISMA REFUSE SACK,,,3500,3
6642928000000912857,SMALL BLACK REFUSE PACK,,MADE IN CHINA,800,1
6642928000000922071,voom scouring powder,,,2000,1
6642928000000922120,Waste bin dual lid 15ltr,,Double covered trash bin,25000,3
6642928000000922169,Waste bin dual lid 10ltr,,double covered trash bin,15000,1
6642928000000922216,Mr clean pedal bin,,,5000,2
6642928000000922263,Mat pattern waste bin (BIG),,,10000,0
6642928000000922310,Mat pattern waste bin (SMALL),,,5000,3
6642928000000922359,Caution bucket 36l,,,92000,1
6642928000000922406,Black packer and brush,,,21000,2
6642928000000922453,Fancy packer and brush,,double brush,30000,3
6642928000000922500,Long packer detachable,,,6500,2
6642928000000922547,Toilet brush Haosen,,,13000,2
6642928000000922594,Pattern toilet brush,,marble,4500,7
6642928000000922667,Paint brush size 1,,,400,0
6642928000000922714,Haosen Floor Wiper & Brush,,Floor Brush & Water Wiper (RECTANGULAR),8000,2
6642928000000931105,OZ Cotton mop,,,5000,4
6642928000000931208,Twist Mop,,,10000,3
6642928000000931281,Wooden sweeper not full,,,6000,2
6642928000000959007,Maxflush 5,,Toilet Rim Block Cleaner Tropical Blossom,5000,3
6642928000000970001,MCDELTA ZONE,,For fumigation - pest control,95000,1
6642928000000976001,Rat Bait Station (Big Black),,Square Shape Big Black for trapping rat,45000,7
6642928000000978049,Duster,,Duster at the top only,5000,2
6642928000000978112,Spinning Mop Bucket (Lemon),,,25000,0
6642928000000973300,Examination glove,,,100,0
6642928000000988001,Tissue Paper (good one),,,500,0
6642928000000988012,Dimethoate,,,15000,0
6642928000000998307,Toilet brush (cylindrical white),,,6500,0
6642928000001018001,Big packer and sweeper,,Yellow and black,21000,0
6642928000001019013,Window Wiper with micro fibre and rubber blade,,Squugee and scrubber for washing and drying   ,10000,1
6642928000001019060,Window Wiper Black,,Window squeegee with a mesh scrubber (white net),8000,1
6642928000001019117,Window Track Cleaning Brush,,Cleaning groves with 3 brush and rubber blade for cleaning window glass,12000,3
6642928000001019162,Drain Unclogging Tool,,with 4 claws for unblocking drain,7000,3
6642928000001019207,Unclogging Tool Rubber,,Toilet unclogging tool (Rubber type),2000,2
6642928000001019252,Vent Cleaner,,"For removing dust, lint and debris e.g. from car AC",3500,4
6642928000001043189,Harpic power plus 10x,,,5500,-2
6642928000001043508,Cobweb remover,,,4500,0
6642928000001050001,Spray Bottle - Deep Green,,Deep Green Sprayer Bottle (Small),3000,6
6642928000001088145,Wheelers Bin Big (240 GEEPEE),,,110000,0
6642928000001107013,Glaze Protectant,,"For cleaning dashboard, office and home",3500,3
6642928000001108013,Drain Doctor,,Drain opener ,5000,3
6642928000001110011,Blue Toilet Blocks,,Toilet cleaner ,7000,1
6642928000001111013,Air Wick Gel,,Scented gel natural essential oil,3000,3
6642928000001112013,Bin Fresh  Buddy,,Keep bins fresh and clean ,10000,1
6642928000001113013,Lu Blue,,Drain cleaner ,3000,2
6642928000001114011,Mr. Plumber,,Drain unblocker granules ,13000,2
6642928000001115013,Pure And Natural Fragrance,,Pure natural fragrance for car and home ,15000,2
6642928000001116013,Synthetic Chamois,,Super absorbent ,5000,2
6642928000001118013,Window squeegee and microfibre washer,,For scrubbing and drying glass surfaces ,6000,2
6642928000001175013,Rose Belle,,Rose belle tissue paper ,1500,5
6642928000001176013,Rose Belle Big,,Rose Belle tissue paper big ,2000,4
6642928000001192013,Astonish Kichen Cleaner,,Kitchen cleaning ,6500,1
6642928000001196011,Astonish White Vinegar,,White Vinegar (Multipurpose),6500,1
6642928000001207075,Big Mopping cat,,Big Mopping cat,200000,0
6642928000001218025,CIF (BIG) All purpose cleaner,,All purpose floor cleaning agent,6800,1
6642928000001227031,Micro fiber long face(pink&white),,pink and white cotton fibre,1200,3
6642928000001229011,D-Bond,,Chewing gum removal,20000,3
6642928000001230011,Mr. Plumber Liquid,,For clogged and slow moving drain ,12500,1
6642928000001231037,Vanish Oxi Action Crystal White,,Chlorine bleach free whitening booster ,18000,1
6642928000001240001,Caution notice sign board,,sign board,17000,2
6642928000001242013,Astonish Hand Wash,,Protect and care anti-bacterial handwash,3500,3
6642928000001240074,SQEEGEE BIG,,,30000,0
6642928000001252001,Baolian scrapper(SMALL),,SHORT HAND SCRAPPER,8500,2
6642928000001252046,Baolian scrapper(BIG),,LONG HAND SCRAPPER,10000,2
6642928000001263001,Hand wash Colourfilled,,Anti bacterial hand wash,3500,9994
6642928000001263046,Mop Stick St Grace/St Paul,,"Heavy duty household & commercial floor cleaning, highly absorbent ",10000,3
6642928000001263091,Rake tiny mouth,,,10000,0
6642928000001281019,Colourfilled Handwash,,Fruity hand wash anti bacteria,3500,0
6642928000001306013,Star Cool (Small),,Duster sponge,300,46
6642928000001316011,Welcome Footmat Flower,,Flower footmat,18000,2
6642928000001332013,Evans Mexapol,,Very durable high gloss finish for heavy traffic areas ,100000,1
6642928000001332080,Evans Easy Strip,,Strip polish with mop or machine ,100000,1
6642928000001333011,Evans Clean & Shine,,Ideal for cleaning & restoring gloss finish to floor ,100000,1
6642928000001336011,Room Footmat,,Soft room footmat ,7000,2
6642928000001349021,Ethereum,,Oven and cookware cleaning paste ,4500,2
6642928000001369013,Elena,,Liquid detergent ,8500,1
6642928000001375013,Harpic,,Power plus ,5500,3
6642928000001376011,Jik,,Multipurpose bleach whitens &remove stain ,4500,3
6642928000001387013,Hypo,,,200,2
6642928000001395011,Stain X,,,3000,1
6642928000001418013,GBC Super,,Air freshener ,3000,3
6642928000001421013,Febreze & Glade,,White jasmine ,20000,1
6642928000001424011,Happy Time,,Pure and naturals fragrance ,4000,2
6642928000001425013,Ikeda Scent ( Big),,Ceramic air freshener ,25000,1
6642928000001429013,Dehumidifier Scented Wardrobe,,"Helps stop damp, mould, mildew, and condensation ",6500,3
6642928000001418084,Astonish,,6 power action ,6000,2
6642928000001432013,Excelsior,,Chinese writing ,2500,1
6642928000001433013,US Grill Cleaning Sponge,, Black and grey small sponge,1000,5
6642928000001430019,Urinary,,Stop smelling of urine,5000,2
6642928000001437013,Amanda Scourers,,Super cleaning ,1000,40
6642928000001445013,Vinegar,,Concentrate ,200000,1
6642928000001446013,P&g Proline,,Professional,100000,2
6642928000001447011,Stonebrite,,Floor cleaning speciality formulated for terrazzo and marble ,70000,1
6642928000001450013,Kleansol Anti-bacterial,,"Multipurpose cleaner for floor, kitchen, and bathroom ",8000,3
6642928000001451011,Limpo Clean,,All purposes cleaner tile ,7000,5
6642928000001450080,Colourfilled Big,,Antibacterial floor and tile cleaner ,13000,2
6642928000001452011,Colourfilled  Medium,,Antibacterial floor and tiles cleaner ,7000,2
6642928000001469013,Blessed,,For portable gas range ,10000,8
6642928000001471013,WD -40,,"Stops squeaks,drive out moisture,clean and protect ",12000,1
6642928000001473011,Jyax,,,9000,2
6642928000001477461,YLY PCO,,INSECTICIDE POWDER,4000,6
6642928000001477800,Refuse sack(small)black,,Small black refuse sack,800,0
6642928000001491013,Good Knight,,"For insect, mosquito, cockroach, flies, ants",3000,12
6642928000001498013,Hand Parker,,,2000,4
6642928000001500001,Floor Brush And Water Sweeper,,Floor Brush And Rubber dullop,10000,1
6642928000001507001,Crazytiger insecticide,,Active Insecticide,4000,6
6642928000001515013,Disposable Face Mask Park,,Face mask ,3500,4
6642928000001517013,Latex Examination Gloves( Disposable),,Surgical hand glove ,4000,2
6642928000001530001,BASIC PACKAGE,,"Essential Protection Plan

Reliable and cost-effective pest control solution

This package is ideal for clients seeking an effective and affordable treatment option with strong residual protection.

Service Scope
	•	Non-odourless mist treatment only (slightly pungent)
	•	Fogging of septic system included
	•	Suitable for standard residential and commercial pest control needs

Features & Benefits
	•	Public health compliant fumigant
	•	Effective against common crawling and flying pests
	•	Slightly pungent odour during application
	•	Residual protection: up to 90 days

Re-entry Guideline
	•	8 hours for healthy occupants
	•	24 hours for:
	•	pregnant women
	•	children below 5 years
	•	elderly persons above 60 years
	•	asthmatic persons
	•	sick or immunocompromised persons

After-Service Support
	•	Dedicated customer care follow-up
	•	Free reapplication within 7 days if treated pests persist",0,0
6642928000001530012,CLASSIC PACKAGE,,"Comfort Protection Plan

Balanced performance with enhanced comfort

Designed for clients who desire stronger comfort and minimal indoor disruption.

Service Scope
	•	Odourless mist treatment for interior spaces
	•	Non-odourless treatment for exterior areas

Features & Benefits
	•	Public health compliant fumigant
	•	Comfortable indoor treatment experience
	•	No indoor odour
	•	Fast restoration of normal activities
	•	Residual protection: up to 90 days

Re-entry Guideline
	•	3–6 hours for all occupants

After-Service Support
	•	Dedicated customer care follow-up
	•	Free reapplication within 30 days if treated pests persist",400000,0
6642928000001530023,PREMIUM PACKAGE,,"Total Shield Elite Plan

Maximum protection • Zero compromise • Premium comfort

This is our flagship executive pest management package, specially designed for clients who want the highest level of comfort, protection, speed, and peace of mind.

Perfect for:
	•	executive homes
	•	premium apartments
	•	hotels
	•	offices
	•	healthcare environments
	•	VIP spaces
	•	clients who do not want recurring pest problems

Service Scope
	•	100% odourless mist treatment for both interior and exterior
	•	Advanced fogging where necessary
	•	Precision treatment of high-risk pest zones
	•	Enhanced perimeter defense application

Premium Features & Benefits
	•	Public health compliant premium-grade fumigant
	•	Completely odourless treatment inside and outside
	•	Maximum convenience with minimal disruption
	•	Rapid re-entry timeline
	•	Enhanced treatment coverage for hidden breeding zones
	•	Superior comfort for families, guests, and sensitive occupants
	•	Residual protection: up to 90 days
	•	Priority service response
	•	Premium customer support

Re-entry Guideline
	•	3–6 hours for all occupants

Premium After-Service Assurance
	•	Dedicated priority customer care follow-up
	•	Free reapplication within 60 days if treated pests persist
	•	Priority callback support
	•	Preferred scheduling for repeat visits

Why Clients Choose Premium

Because it offers the longest post-treatment support window, the highest comfort standard, and the lowest likelihood of recurring infestation concerns.

This package is best for clients who want complete peace of mind without compromise.",0,0
6642928000001530079,Rodent Bait Station Installation & Monitoring:,,"Supply, strategic placement, and periodic monitoring of tamper-resistant rodent bait stations designed for effective rodent control and prevention in designated indoor and outdoor areas. Service includes bait replenishment, inspection, and activity assessment to ensure continuous protection against rodent infestation.",400000,0
6642928000001540013,Battery Powered Spray,,,60000,2
6642928000001546011,Hand Parker Big,,,4000,3999
6642928000001548241,Sacvin dust parker,,small hand packer,2500,4
6642928000001569121,MENTO Mop bucket,,Fine colour mop bucket,18000,7
6642928000001599001,Floor Sweeper And Brush,,,10000,0
6642928000001600011,Hand Held Floor Scrub Brush,,Blue brush ,4000,0
6642928000001625121,Power Wash cannister with trimmer&nozzle,,For fumigation with triggers,70000,2
6642928000001631291,Magical Dual Action Window cleaning tool,,Window cleaning tool,55000,1
6642928000001631336,Tide Buzz,,Stain removing machine,100000,1
6642928000001631387,Door Bottom Seal,,Under Door protective seal,4000,2
6642928000001697137,Big black leather,,,500,0
6642928000001697274,Wireless Vacuum Cleaner,,Wireless Vacuum Cleaner in Cartoon,100000,1
6642928000001741001,Nasco Action Dish Liquid 1000ml,,Dish Liquid ,2800,8
6642928000001741023,GBC Airfreshner,,Liquid Airfreshner,3500,8
6642928000001741057,Nasco Beauty Rose,,Liquid Handwash ,2000,7
6642928000001741079,Stain Deep Cleaner,,Deep Stain Liquid Cleaner in a White container,3000,1
6642928000001741101,Jik 950ml,,950ml ,4500,5
6642928000001741123,Harpic 725ml,,725ml,5500,9
6642928000001741145,Airwick Airfreshner Spray,,Airfreshner Spray,4500,12
6642928000001741179,Fumisect Bugs & Mosquitoes,,,6000,2
6642928000001763006,Ridax Bedbug Killer Spray,,Ridax ,5000,4
6642928000001777007,Micro Fibre Flats Mop,,Pink and brown ,24000,2
6642928000001763039,Toilets Brush With Partern,,Toilets brush with parttern,4000,1
6642928000001793006,Goodmans Machines,,Machines ,250000,1
6642928000001795006,Scrubbing  MACHINE,,Scubbing machines blue and white tank,1100000,1
6642928000001796007,Jarkcio,,Machine ,3000000,1
6642928000001799006,Henry Machines,,Machines small ,100000,1
6642928000001801006,Wickes,,Wet and dry vacum cleaner ,160000,1
6642928000001803007,Familiar Tissue Paper,,Tissue paper ,700,12
6642928000001805007,Plus Tissue Paper,,,2500,7
6642928000001807006,Paper Towel,,Rose pluse,2500,12
6642928000001808006,2 Sure Hand Sanitizer,,Hand sanitizer ,2500,20
6642928000001809006,Mentor,,Mop buket ,20000,2
6642928000001810006,Refuse Sac (Blossom),,4 in 1 Blossom Garbage Bag,4000,6
6642928000001813007,Cobweb Removal Circle,,Circle cobwebs ,7000,2
6642928000001814006,Trimmer Line,,Hawk king,5000,2
6642928000001815006,Star Quality Shining Light Big,,Clean expert,15000,1
6642928000001816006,Star Quality Shining Life Medium,,Cleaning expert ,13000,1
6642928000001817006,Star Quality Shining Life,,Clean expert ,10000,1
6642928000001815038,Cobweb Removal Iron Small,,With iron handle ,10000,2
6642928000001818006,Let It Know,,Kitchen towel ,2000,6
6642928000001814033,Cobweb Removal Iron Handle Big,,Cobweb Removal Iron ,12000,2
6642928000001810038,Mentor Wheelers Bin Big Yellow,,Yellow Wheelers bin ,115000,1
6642928000001805051,Mentor Wheelers Bin,,Black mentor,105000,1
6642928000001820006,Agiville Industries Ltd Wheelers Bin Green,,Green Wheelers bin ,110000,2
6642928000001858006,Medium Industrial Wooden Brush,,Brush for washing interlock floor,10000,3
6642928000001859006,Small Industrial Brush,,Brush not  full,5000,1
6642928000001860006,Shots Handled Hoe,,Hoe small,3500,1
6642928000001867006,Squeeze Small Roller Mop,,,20000,1
6642928000001875015,Tile And Wood Floor Polish,,Loorsan,8000,2
6642928000001878006,Marble Polishing Powder,,Efficient Polishing speed,10000,2
6642928000001879006,Toilet Rust Removal,,,5000,2
6642928000001880006,Heavy Oil Elimination,,Axabr,2000,3
6642928000001876008,Yin Digital Solution,,,15000,1
6642928000001876040,Floor Polish Tile Nursing,,Fresh and not irritating ,1500,1
6642928000001882006,Window Track Cleaning Brush (With Scouring Pad),,"For clearing dirt, dust and grime out of narrow crevices and tracks",4500,2
6642928000001881018,Binwenn Micro Fibre Duster With Extendable,,Lemon green expendables duster,15000,4
6642928000001883006,7 Polishing Bonnet,,,7000,1
6642928000001884006,5 Polishing  Bonnet,,Small,4000,4
6642928000001875047,Marble Polishing Paste,,,1500,1
6642928000001885007,Mosquito Repellent,,Shixis and kinetic molecular wristband,3000,9
6642928000001886006,Uvc Toilet Sterilizer,,Uvc,5000,3
6642928000001887006,Climax Rtv,,Silicone gasket maker,4500,1
6642928000001882038,Hand Squeegee,,Hand squeegee ,6000,1
6642928000001888006,Hand Brush With Four Face,,With four face brush ,12000,3
6642928000001877032,HDX Hand Brush,,,7000,1
6642928000001870056,Sun Insect Trap,,Solar tdap,20000,3
6642928000001883038,SMALL Industrial Hand Brush,,,3500,3
6642928000001876072,Hdx Brush Black And Yellow,,Yellow and black ,7000,1
6642928000001890006,Window Grove Brush,,"For cleaning grooves, crevices and window tracks",6000,4
6642928000001910001,glass polishing,,,2700,0
6642928000001931013,FAMILIAR,,FAMILIAR TISSUE PAPER,500,0
6642928000001933008,FLEXIBLE CARE,,SONICO TISSUE PAPER,1000,0
6642928000001937065,avert  DF,,cocrach,80000,0
6642928000001937070,lada tools bag,,bag,10000,0
6642928000001986001,Sophitol tile polish,,Restore gloss to floor,12000,2
6642928000001999055,Foldable Mini Sponge Mop,,"Mini foldable  self squeeze absorbs water, grease, fluids & spills",10500,1
6642928000002005006,Vacuum cleaner extractor nozzle (transparent),,Transparent vacuum cleaner extractor nozzle ,17000,3
6642928000002013006,Window cleaning squeegee brush (Plastic Sponge),,Window cleaning squeegee/washer for glass cleaning ,6000,1
6642928000002016007,Portable Self Squeegee Sponge Mop,,For quick & hand-free cleanup of small space ,7000,1
6642928000002029006,MIAPRID 350 SC,,Eliminate and control destructive piercing - sucking and soil dwelling pest,9000,1
6642928000002030007,DAKSH DICHLORVOS 1000 G/L EC,,Agricultural insecticide and fumigant that eliminates persistent agricultural and household pest,30000,1
6642928000002029038,Fivestar 325 SC,,Preventive and curative protection against severe fungal infection,10000,1
6642928000002041006,Slug Trap,,For trapping slug,5000,3
6642928000002031018,Karcher Upholtery and Funiture Nozzle Attachment,,"For spray extraction, vacuum cleaner ",35000,1
6642928000002051006,Telescopic Pole 3 Step,,,25000,1
6642928000002053006,Telescopic Pole 2 Step,,Pole,20000,1
6642928000002054006,Karcher,,620 m steamer ,800000,1
6642928000002056006,Astonish Glass Cleaner,,With lemons oil for a streaks free shine,6500,3
6642928000002054039,Emywit,,Hand sanitizer ,2000,1
6642928000002061159,Stain Remover Multipurpose Cleaner,,Remove stain of colour paint and ink,100000,2
6642928000002115006,Passover Cotton Mop,,Cotton tring mop higly absorbent & handles heavy duty scrubbing,6000,4
6642928000002136006,Lagon Herbicide,,Surpresses germination of annual grasses & broadleaf weeds,25000,2